{
    "id": "lw_lazylib", #// If changed, update MOD_ID in org.lazywizard.lazylib.LazyLib to avoid a crash!
    "name": "LazyLib",
    "author": "LazyWizard",
    "utility": "true",
    "version": "2.4b",
    "description": "A collection of classes to aid modding. Not a mod in itself, but required by certain other mods.",
    "gameVersion": "0.9a",
    "jars": ["jars/LazyLib.jar","jars/LazyLib-Kotlin.jar","jars/lib/Kotlin-Runtime.jar"],
    "modPlugin": "org.lazywizard.lazylib.LazyLib"
}
